WFC,JPM,BAC,C,USB,COF,PNC,BK,STT,BBT,STI,FITB,MTB,NTRS,RF,KEY,CMA,HBAN,HCBK,PBCT,BOKF,ZION,CFR,CBSH,SBNY,AIG,MET,TRV,AFL,PRU,CB,MMC,ALL,AON,L,PGR,HIG,PFG,CNA,LNC,CINF,Y,UNM,WRB,FNF,TMK,MKL,AJG,BRO,HCC,GS,BLK,MS,CME,SCHW,TROW,AMTD,RJF,SEIC,NDAQ,WDR,SF,GBL,MKTX,EEFT,WETF,DLLR,BGCP,PJC,ITG,INTL,GFIG,LTS,OPY,CLMS,AXP,BEN,CBG,IVZ,JLL,AMG,OCN,EV,LM,CACC,FII,AB,PRAA,JNS,NNI,WRLD,ECPG,NEWS,AGM,WHG,AVHI,SFE,ATAX,TAXI,NICK
0,0,12.82644623,22.03704224,0.026117356,0.921611523,0.433402828,0,0,0,25.61301408,10.15120064,0,0,11.00569748,0.712263697,7.366689698,3.099572798,0,0,0,9.426443808,0,0,0,0.390669125,0,0,0,0,0,0,0,0,0,0,7.321132422,0,0,8.33401241,0,0,0,0,0,0,0,0,0,0,0,0,0.861585694,0,0,0,0,0,0,0.167615973,0.178722838,0,0.008256556,0,0,0,0,0,4.638745733,0,0,0.50878808,0.067121398,0.642720047,0.569396768,0,0,1.36494163,0,0,0,0,0,0.030272265,0.018757627,0,0,0,2.448298075,0.163929472,0.986072044,0,2.43633853,1.317054037,0,2.212266803,0.062029095,0,0,0
4.533802534,0,5.823457228,43.27875664,7.361637117,13.28986154,0.020436854,0,0,0,1.743587115,3.265176536,0,0,2.471594938,0,0,1.621458592,0,0,0,4.646966864,0,0,0,0.792333578,0,0,0,0,0,0,0,0,0,0,4.593359376,0.056821181,0,10.64947796,0,0,0,0,0,0,0,0,0,0,0,0,23.27428158,0,0,0,0,0,0,0,0,0,0,0,0,0.016264893,0,0,0.841672679,0,0,0,0.833794235,0,0,0,0,4.556175894,0,0.035275951,0,0.016888455,0,0,0,0,0,0,9.215215258,0.19153676,2.929038241,0,1.092419288,1.387523528,0,1.977664567,0.078652534,0,0,0
1.691346326,0,0,52.11959046,0,2.562828026,0.027723731,0,0,0,1.487189968,3.350999034,0,0,21.40853399,3.654227698,5.048020248,8.02589853,0.039716065,0,0,15.06840087,0,0,0,0.735673262,0,0,0,0,0,0,0,0,0,0,8.807475061,1.921947633,0,5.451719164,0,0,0,0,0,0,0,0,0,0,0,0,26.04767894,0,0,0,0,0,0,0,0.992572152,0,0,0,0,0,0,0,9.346202373,0,0,2.274838394,0.195876491,0.320804932,1.056638145,0,0,3.073364295,0,0,0,0,0,1.179503321,0,0,0,0,10.38462232,0,0.650193473,0.879212719,3.9665137,0.103880891,0,0.240788918,0,0,0,0
1.930010469,3.804806889,46.01001055,0,0,3.008610719,0.039129944,0,0.61001821,0,1.461279467,1.659704245,0,0,1.828541295,5.010543243,0.020742845,2.077054528,0,0,0,9.385506248,0,0,0,16.88021365,0,0,0,0,0,0,0,0,0,0,18.06274331,0,0,19.69698128,0,0,0,0,0,0,0,0,0,0,0.001812233,0,19.46795134,0,0,0,0,0,0,5.232061113,0,0,0.006551219,0,1.072842985,0.157713326,0.212236752,0,1.509097021,0,0,0.640592,0.688191252,0.675401588,2.919254331,0,0,8.65364805,0.008408001,0.280040678,0,0.833868978,0,0,0.01036573,0,0,0,11.45048252,1.058147944,1.859164617,0,2.005980943,0.143823437,0.855758179,0.267148512,0,0,0,0
10.90919273,1.044770836,0.437654618,7.478356023,0,0.809487761,6.614708895,0,0.047472145,0.265337345,11.14129934,9.026465447,0,0,11.50549947,1.736294381,0.233310093,1.512946159,0.023321915,0,0,7.690584541,0,0,0,0.47776141,0.668414058,0,0,0,0,0,0,0,0,0,4.88976114,0.626609129,0,12.12690577,0,0,0,0,0,0,0,0,0,0,0,0,0.154750297,0,0,0,0,0.050343969,0,0,0,0,2.065286267,0,0,0,0.00062219,0,1.843856371,0,0,1.530508475,2.649494976,2.982323382,0.60553252,0,0,1.199500883,0,0,0,0,0,0,0.138028901,0,0,0.309633779,3.192064138,0.158789277,7.007846125,1.34225535,0.536085322,0.484379449,0,0.924030322,1.472959832,0,0,0
0,0,6.456470098,34.99107421,0.608975485,0,0.355660878,0,0,0,1.395780846,18.45176971,0,0,9.346864749,2.783444278,0,1.78886258,0,0,0,13.77798482,0,0,0,1.674859853,0,0,0,0,0,0,0,0,0,0,4.697099559,1.1908136,0,12.26570695,0,0,0,0,0,0,0,0,0,0,0,0,0.917131513,0,0,0,0,0.18735727,0,0.085124777,0,0.383029383,0,0,0.0447478,0.16051608,0.04330394,0,4.192425846,4.245134405,0,2.71038643,0.033738803,0,1.380780252,0.09321528,0,7.692706001,0.466163427,0.422128706,0,0.052899283,0.063818129,0.076082256,0,0,0,0.787866013,4.02863937,3.302413275,0.703993842,0,0.466072993,5.246690077,0,2.28409445,0.015136651,0,0,0
2.894597072,0,2.33151437,28.61006993,3.303791036,2.532376785,0,0.057064475,0.322325357,0,1.479163278,8.206902881,0,0,5.308774305,0.338212102,2.494045561,19.231253,0,0,0,7.193377123,0,0,0,3.390369524,0.128308669,0,0,0,0,0,0,0,0,0,4.060742269,0,0,11.20457303,0,0,0,0,0,0,0,0,0,0,0,0,0.066403048,0,0,0,0,0,0,0,0,0,0.052300358,1.895537604,0.246410755,0,0.103516475,0,0,0,0,0.143895729,1.125601115,4.442583656,0.907100117,0,0,3.257803676,0.035607096,0,0,0,0,0.019852751,0.052509805,0,0,0,5.388110819,2.739213957,0.272863748,0,0.81261009,6.673900746,0,3.115914623,0.286438587,0,0,0
0.22633097,0.78969575,5.276198189,11.4224682,0,0.141886081,0.880258624,0,0.820886416,0,6.883646263,2.892743422,0,0,0.708862331,2.157667993,0,0.0176638,0,0,0,12.18934924,0,0,0.083848868,2.647479027,0,0,0,0.024898945,0,0,0,0,0,0,5.873532457,0.205068847,0,3.270903252,0,0,0,0,0,0,0,0,0,0,0,0,22.02076256,0,0,0,0,0,0,0.257545138,0.032068545,4.377636943,0.134842472,0,0,1.729813797,0.032789351,0,2.870195028,0.024350378,0,1.753143207,2.024279314,3.360478715,1.297221549,0,0,1.805212778,0,0,0,0,0.157289219,0.787300858,0.06959779,0,0,0.157912136,4.169718625,0.282879113,0.48914863,0,2.21085966,3.59479604,0,1.174499763,0,0,0,0
0.065375745,0,2.237810111,14.06096634,0.191427197,0,0,0.031536121,0,0,0.211183665,17.58642497,0,0.021241309,0.22950394,0,0.653138582,0.650516716,0.037909049,0,0,3.385722586,0,0,0,4.122640463,0.270586297,0,19.52681643,0.317693794,0,0,0,0,0,0,3.486788201,1.415598897,0,6.437300732,0,0,0,0,0.05277135,0,0,0,0,0,0,0,1.959585374,0,0,0,0,0,0,1.116299123,0.015359346,0.154195607,0.360578782,0,0,0.00872422,0,0,3.850581462,0,0,11.56250001,4.181769142,3.505255073,2.637442487,0,0,4.902539325,0,0.298602705,0,2.758830167,0.175466926,0.338262358,2.264264338,0,0,0.290103168,3.731337531,0,0.091284514,0,4.041277026,1.280499446,0,1.649405278,4.688323176,0,0,0
4.098510345,0,3.549415228,7.430687898,0.078142505,0.969429831,0,0,0,0,6.889038076,1.155188952,0,0,30.203006,6.270149229,0.748447992,11.92825454,0,0,0,15.41920162,0,0,0,0.569222996,0,0,0,0,0,0,0,0,0,0,1.128490666,1.089365996,0,3.836018942,0,0,0,0,0,0,0,0,0,0,0,0,0.374471894,0,0,0,0,0,0,0,0,0,0,0,0.026326216,0,0,0,1.882659467,0,0,0.098600866,0.973401542,10.44748699,0.453674368,0.020209684,0,0.573631549,0,0,0,0.05540713,0,0.070341351,0.048226487,0,0,0,0.660197602,0.386644434,3.28636342,0,4.476686767,0.358178185,0,2.102103737,0.194323658,0,0,0
4.792425847,0,5.829670936,7.39672083,0,1.015376574,0,0,0,0,0,13.80889422,0,0,60.15854474,2.765582117,0.020417226,12.43108721,0,0,0,41.08654124,0,0,0,2.116206287,0.247667733,0,0,0,0,0,0,0,0,0,5.629304489,4.188219612,0,10.73612759,0,0,0,0,0.177793342,0,0,0,0,0,0,0,2.671844265,0,0,0,0,0,0,0,0,0,0,0,0.005532749,0,0,0,5.529211237,0,0,0.557748507,1.475920324,6.840904742,0,0,0,3.588193482,0.034284241,0,0,0,0,0.026580927,0,0,0,0.109976413,1.082818461,4.042931455,0.238273367,0,0.440980012,0.232826451,0,0.57035388,0,0,0,0
0.199278798,0,0.194625813,21.88484123,0,4.497594124,0.159578003,0,17.26501328,0,17.20169823,0,0,0,40.27090243,14.87778112,0.250974451,22.51958157,0,0,0,17.0109215,0,0,0,0.362862764,0,0,0.359171017,0,0,0,0,0,0,0,6.615485967,0,0,2.664753325,0,0,0,0,0.095362786,0,0,0,0,0,0,0,0.444872665,0,0,0,0,0.268119567,0,0,0,0,0,0,0.051393314,0,0,0,0.888210861,0,0,3.899444453,2.261848399,6.387380564,4.243466738,0,0,2.811047818,0,0,0,0,0,1.632919737,0.495900891,0,0,0.047057455,0,1.311876075,0.020755908,0,9.411800462,1.322896896,0,0.06994623,0.001040827,0,0,0
0.051364319,0.324719257,9.217392935,12.40253175,0.138168881,2.737941983,0,0,0,0,2.310359008,0.129247373,0,0,13.53447533,4.074499515,1.366459389,4.44882457,0,0,0,11.31938865,0,0,0,0.136498922,0,0,0,0,0,0,0,0,0,0,1.130504313,0.473229007,0,2.010570507,0,0,0,0,2.547131684,0,0,0,0,0,0,0,1.392345335,0,0,0,0,0,0,0,0,0.263534362,1.353268886,0,0,0,0,0,1.847163817,0,0.249361931,1.453789959,0.003419871,2.505566966,0.727581793,0.503737149,0,3.198409791,0.103942109,0.577362575,0,0.041701938,0,0.00426123,0.313440258,0,0,0.078896915,0.753546871,1.612392461,1.285033615,2.932262339,1.431704683,0.16664322,0,3.62539798,0.157748804,0,0,0
0,0.026254251,2.168240327,5.825197671,0,0,0,0.707893391,4.916392043,0.015791757,1.492777807,0.245708613,0,0,2.904837151,1.591747034,0.193717906,0.310292348,0.267965643,0,0,1.547586302,0,0,0,0.904024965,0,0,0,0,0,0,0,0,0,0,6.32998521,0,0,2.413543068,0,0,0,0,0,0,0,0,0,0,0,0,19.85971484,0,0.228076556,0,0,0,0,1.047598456,0.752154796,0.038682113,0.005462774,0,0.445479975,0,0.801381661,0,0.755503564,0,0,0.179308178,3.960658149,4.529881169,2.112849169,0,0,4.868604634,0.194623881,0,0,0,0.109107632,0.745229573,0.255063619,0,0,0,3.286982124,0.056384589,0.525420186,0,4.158427274,1.897206972,0,0.733887433,3.707532066,0,0,0
0.751464015,0,3.302900081,3.266026911,0,0.183081887,0,0,0,0.907778285,25.50250643,10.36244526,0,0,0,11.62892726,2.614183514,20.05202107,0,0,0,51.58354484,0,0,0,1.37596271,0,0,0,0,0,0,0,0,0,0,4.957606304,0,0,10.74793911,0,0,0,0,0,0,0,0,0,0,0,0,1.942289889,0,0,0,0,0,0,0,0.567484247,0,0,0,0,0,0,0,4.31044454,0,0,0,0.101994426,3.095051333,0,0,0,4.313647187,0,5.874733332,0,0.013766061,0,0,0.442951554,0,0,0.084628591,0.373275416,3.058180027,1.714719986,0,0,5.91362491,0,1.161414277,0.022801213,0,0,0
0,0,0.25622582,12.98189152,0,0,0,0,0,0,27.40025274,19.76588569,0,0,24.26048227,0,3.184028056,7.163443811,0.201484965,0,0,29.96583976,0,0,0,0.115183774,0.815251624,0,0,0,0,0,0,0,0,0,0.767498337,0,0,13.00102128,0,0,0,0,0,0,0,0,0,0,0,0,25.29736004,0,0,0,0,0,0,0,0,0,0,0,0,0,0,0,2.811534617,0,0,0.368330018,1.536298707,2.115279771,0,0,0,2.477472364,0.363239894,0,0,0,0,0,0,0,0,0,0.060749065,0,0.162405049,0.31358561,5.509838948,0.121482679,0,1.253267603,0,0,0,0
1.187913113,0,3.894484876,12.73620595,2.968177693,0.085840013,0,0,0,0,8.242245129,1.222534412,0,0,14.18069917,12.88565512,0,19.54155744,0,0,0,10.15623712,0,0,0,0.156944503,0,0,0,0.118814237,0,0,0,0,0,0,4.659668207,0.408136862,0,3.940338655,0,0,0,0,0,0,0,0,0,0,0,0,4.374421224,0,0,0,0,0,0,0,0,0,0,0,0,0,0,0,12.73653883,0,0,0.536638956,2.528859738,12.5097468,1.280812135,0,0,4.271330883,0,0,0,0.256387448,0,0.094585175,0.497829919,0,0,0,4.084600745,0.298468749,0.327263821,0,5.219453099,3.5247561,0,2.024144969,0,0,0,0
0.147102643,0,4.194668293,2.945172407,0,5.8630676,0,0,0,4.309220164,26.41760762,16.57730891,0,0,16.35201302,12.20989268,3.587219904,0,0,0,0,50.65955986,0,0,0,1.056419215,0,0,0,0,0,0,0,0,0,0,1.901563769,0.025594065,0,5.625921945,0,0,0,0,0,0,0,0,0,0,0,0,0.124484163,0,0,0,0,0.116955776,0,0.647251522,0,0,0,0,0,1.543189159,1.083118067,0,0.415671621,0,0,0.109571986,0.829071711,4.342157131,3.718529234,0,0,0.96846784,0,0.91412733,0,0.475402239,0,0,4.114036943,0,0,0,1.349348683,5.989421313,0.162482159,0.830244472,0.508926116,7.73974586,0.309841104,7.670795502,0.451708922,0,0,0
0.318266536,0,1.502309866,7.237736426,0.462887058,0.488920031,2.369644937,0,0,0.037912284,0.103412572,4.384958622,0,0,1.702171056,1.965818524,0.917470949,1.076371989,0,2.489809198,0,0.106219466,0,0,0.204350466,0,0.070776461,0,0,0,0,0,0,0,0,0,0.965567237,0,0,8.154658479,0,0,0,0,2.874620043,0,0,0,0,0,0,0,5.908733142,0,0,0,0,0,0,0,0,0,0,0,0.268107556,0,0,0.695926899,0.527778499,0,0,2.393220286,1.114683923,10.7505493,0.047056175,0,0,0.562909569,0,0,0,0.02498154,0,2.28024288,0.930735955,0,0,0,1.699198189,0.252138907,0.029848776,1.09688558,3.274133722,0.71144939,0,0.303485383,0.456939247,0.103037232,0,0
0,0.003236704,0.569419763,19.26097016,0,3.061444607,0.021315823,0,0.387561327,0,0.086587108,1.929763202,0,0,6.14958391,2.023307559,0.686006638,2.954794887,15.92513943,0,0,1.515682884,0,0,0,1.002441078,0.00757075,0,0,0.402727039,0,0,0,0,0,0,0.219762078,0.198092543,0.164516495,0.428804856,0,0,0,0,2.375382849,0,0,0,0,0,0,0,1.833745093,0,0,0,0,0.086541005,0,0.467130278,0.114089849,0,0,0,0,0,0,0.178752072,0.03290124,0,0,1.148734695,5.359397615,0.00035481,0,0,0,2.352074837,0.185726693,0,0,0.225055922,0,0.0588936,1.377437646,0,0,0.127513696,8.1263083,2.497287202,0.718096649,0,0.269749189,6.95948105,0,1.262755403,0.448022612,0,0,0
0,0,1.632430533,4.697560206,0.763066425,1.175290615,0.302031618,0,0.014048801,0.564718572,3.170084719,3.473700862,0,0,11.81704467,1.010454438,0.042528117,2.756694335,0.41500683,0,0,16.52918291,0,0,0.479031369,6.438033175,0.189279009,0,0,0,0,0,0,0,0,0,1.984995898,0.212315977,0,3.343642837,0,0,0,0,0.013381274,0,0,0,0,0,0,0,3.054309895,0,0,0,0,0.008553094,0,0.03663906,0,0,0.361166596,0,0,0.196404941,0.006545591,0.134760974,1.059472307,0,0,0.400690347,4.439455291,4.267815024,0.131528269,0,0,5.24850016,0,0.104799611,0,0.390456042,0,0.149870358,0.333758795,0,0,0,2.36545696,0.564851817,1.623456269,0.237287723,0.185293553,4.591423914,0,0.484043808,0.038512271,0,0,0
0.735507031,0,3.39372917,6.145221661,0,0.690352033,0,0,0,0,16.40785455,14.98490587,0,0,41.62171359,17.28856349,1.151193302,18.7320203,0,0,1.547051316,0,0,0,0,1.989600965,0,0,0,0,0,0,0,0,0,0,10.32526881,0,0,14.83386953,0,0,0,0,3.216180305,0,0,0,0,0,0,0,0.193100967,0,0,0,0,0,0,0,0,0,0,0,0,0,0,0,9.825022767,0,0,0.12299892,0.956560179,5.075305426,0.651683954,0,0,0.46243004,0,0,0,0.038098943,0,0,1.937100663,0,0,0,0.040752087,0.915520216,0.397407549,0,0.520253015,3.930207658,0,0.107187683,0.03176174,0,0,0
1.104606835,3.068383864,0.293134556,3.215670762,0.193429959,0.05863112,0.090758525,0,0.038872064,0.340116928,4.251543031,4.036659272,0,0,13.09419147,0.021508712,1.076404828,0.578564275,0,0,0,10.96757567,0,0,2.419268755,0.016639637,0.029901732,0,0,0.042549376,0,0,0,0,0,0,1.133123989,0.005008452,0,6.652068197,0,0,0,0,1.570366461,0,0,0,0,0,0,0,0,0,0,0,0,0,0,0,2.368805728,0,0.11606232,0.079442163,0,0,0,0,0.476173693,0,0,0.328491629,3.602368071,0.272650989,0.880166265,0,0,4.424218275,0.007097028,0.018013426,0,0,0,0,0.577054731,0,0,0,4.057059758,2.162727275,2.306936851,0.716945111,6.542790505,2.273602852,0,2.255038056,0.120914311,0,0,0.029276887
4.646389668,0.462918942,0.296115662,1.55851346,2.737933442,8.665764003,0.078441407,0,0.308360735,0,5.852798517,1.125930976,0,0,7.041747554,2.890524685,0.706936956,4.022386285,0,0,0,1.606943132,0,0,0,0.160820507,0.357555176,0,0,1.072270963,0,0,0,0,0,0,0.870919876,0.051500376,0,9.73779013,0,0,0,0,0.16059273,0,0,0,0,0,0,0,0.539909502,0,0,0,0,0.680392514,0,0,0.087344254,0,0,0,0,0,0,0,2.325905974,0,0.51455028,0.068498271,1.26274419,1.792120542,0.120795254,0,0,5.847854826,0,0.032759623,0,0,0,0.05125446,0.025465764,0,0.042897616,0,5.841370975,0.442909951,1.158264319,0,0.087820805,3.387832376,0,3.780011095,0.002395894,0,0,0
2.906291754,1.096027367,0.18453166,4.134310639,0.43095929,4.751761875,0.034358099,0,0,0,0.524014923,5.902105743,0,0,1.927391963,0.99803675,2.378336779,1.447687613,0,0,0.795849555,7.645559032,0,0,0,0.0022826,0,0,0,0.446977003,0,0,0,0,0,0,1.494841109,0,0,11.95784724,0,0,0,0,0.931797431,0,0,0,0,0,0,0,1.001590063,0,0,0,0,0.275274763,0,0,2.246617839,0,3.834252217,0.126572286,0,0,0,0,8.503756151,0,0,0.086067017,6.638054142,3.030273945,1.724816188,0,0,1.823623546,3.979703597,0,0,0,0,1.651784986,0.03021607,0,0,0,2.061465969,5.345886498,0.780442121,0.016582874,1.64043416,1.123064749,0,0.407447005,1.140761139,0,0,0
0,0,0,45.3081822,0,0,0,0,0,0,0.638626911,9.55E-20,0,0,25.30259017,0,0,5.140552103,0,0,0,3.09411345,0,0,0,0,0.961994931,0,0,0,0,0,0,0,0,0,7.198543507,0.365907244,0,27.6597963,0,0,0,0,0.010733811,0,0,0,0,0,0,0,27.63931188,0,0,0,0,0,0,0,0,0,0.333224153,0.505650036,6.907940376,0.132604564,0.516210844,8.367891554,0,0,0,24.46567368,1.49257288,1.161445054,3.373802644,0,0,0.761244821,1.523351462,1.555710998,0,1.456725158,0,4.372078771,0,0,0.054773685,0.01952462,0.186580095,8.586140443,0.15261449,1.397679723,7.03337681,4.492569969,0,1.83892326,1.583268856,0,4.872684051,0
0.5438948,0,0.215121874,8.941709058,0.635440941,3.360267111,0.052681857,0,0,0,0.145559061,1.551209942,0,0,5.183409428,5.122022707,0,0.382911809,0,0,0,5.410605393,0,0,0,0.571151236,0,0,0,0.879820637,0,0,0,0,0,0,16.83356677,4.462461728,0,71.46030024,0,0,0,0,0,0,0,0,0,0,0,0,3.73911127,0,0,0,0,0.679093496,0,0,3.162531442,0,0.236496415,0,0,0,0.008301695,0,0.172067013,0,0,0.467064724,1.075390452,0.669903679,3.040425831,0,0,5.32293357,0.396446513,0,0,0.579604311,0,0.159223323,0,0,0,0.163684644,2.529547992,0.011822465,0,0,0,2.087870062,0.115282802,6.359602232,1.61346165,0,0,0
0,0,0,4.084583884,0,0.015027582,0,0,0.060691652,0,0.427616008,0.041465777,0,0,6.582327494,0.438657435,4.024117246,0.341378612,0,0,0,0.743594496,0,0,0,1.772179449,0,0,0.043722544,0.000936004,0,0,0,0.980931454,0,0,0.864403927,2.622229727,0,16.98885901,0,0,0,0,0.118814927,0,0,0,0,0,0,0.050137571,6.050410915,0,0,0,0,0,0,1.361272701,0,0,0.141897022,0.001148212,0.4418156,0.327116947,0.318273174,0,0.893689638,0,0.033969278,0.545813184,1.462354949,0.005500144,10.04583712,0,0,0.194514318,0,0,0,0.601095706,0,1.742665263,0.084157124,0,0.000796683,0,0.803691226,1.319867225,1.911857185,0,2.086936711,1.159216964,1.650297186,0.208103685,0.551955458,0,0,0
0,0,0,3.196974939,0,2.936067572,0,0,12.48563881,0,0.275583729,11.55865762,0,0,2.513221733,1.571735379,0,8.513921756,0,0,0,2.866231231,0,0,0,0.596509592,0.392789647,0,0,0,0,0,0,0,0,0,5.56943755,3.051655982,0.322775233,20.01574571,0,0,0,0,0,0,0,0,0,0,0.095642958,0,15.9340891,0,0,0,0,0,0,6.056604237,5.003910237,0.994062528,0.766390337,0.033026846,0,0,0.299004081,0,0,0.025736347,0,0.244659371,1.599550044,0.173382311,10.62683007,0,0,1.635178909,0.030013523,0,0,1.37977696,0,0,0,0,0.138683145,0.008826236,8.178221499,0.47169465,0.367178506,0,0.577407258,1.867030088,0,0.901755405,3.796794805,0,0,0
0,0,0.245237318,16.71480377,0,2.49686576,0,0,0,0,0.001441598,1.152698129,0.015710775,0,0.634208457,0.23968748,0.028934342,2.661293889,0,0,0,0.981238789,0,0,0,0.122461843,0.736103675,0,0,0,0,0,0,0,0,0,28.60962553,21.59715795,0,43.22315466,0,0,0,0,0,0,0,0,0,0,0,0,8.380746133,0.04311206,0,0,0,0,0,5.40209759,0.023903207,0,0.230368247,0,0,0,0,0,0.160683509,0,0,2.642827327,1.062784239,0.303964226,7.241129265,0,0,4.591127023,0,0.077445567,0,0.15769268,0.026290275,2.305817871,0,0,0,0.206289587,4.797118127,0.060562685,0.141995507,0,0,8.444862327,0,0.186335896,0.0195036,0,0,0
0.254232424,0,0.043468382,4.297379393,0,0.954991697,0,0,0.098041155,0,1.867250877,1.047570831,0,0,5.765271034,3.779900083,3.692992966,1.357736168,0,0,0,1.395252639,0,0,0,1.042004061,1.22E-19,0.703183418,0,0,0,0,0,0,0,0,1.324053334,4.244280418,0,9.34554969,0,0,0,0,0,0,0,0,0,0,0,0,0.699637276,0,0.601587921,0,0,0.038553533,0,0,0.231232109,0,0.365950829,0,0.001130624,0.008710081,0.483057162,0,1.814528413,0.035793355,0,0,2.991237236,0,1.960596331,0,0,2.629371436,0.766693766,0.067715611,0,1.225351848,0,0.56060881,0.362691217,0,1.391004585,0,1.681833077,0.574577021,0,0.648313611,0.752506152,2.543292167,0,0.125444554,0.695990632,0,0,0
0,0.060636105,0.170911616,4.300874719,0,0.454421826,0,0.944871879,0.68856211,0,0,0.338956306,0,0,0.740409897,0.187907224,0,0.009998309,0,0,0,1.427130343,0,0,0,1.472233836,0,0,0,0,0,0,0,0,0,0,1.571208191,0.254006013,0,2.59741705,0,0,0,0,0,0,0,0,1.252701665,0,0,0,5.15122956,0,0,0.06550041,0,0,0,0.202935206,0.140613169,0,1.285063362,0,2.206084531,0.45328228,0,0,0.010754095,0.145010362,0,0,3.838762973,0.004634384,5.814318983,0.88500552,0.061701713,2.331288372,0.021130927,0,0,0.32506119,0,2.062168035,0.02598342,0,0,0.89313684,13.17939838,0.335787282,0.108562938,0.015609421,0.726776053,3.710278061,0,6.529341459,1.415862089,0,0,0
0,0,0,1.836992166,0,0.733885071,0,0,0,0,0,1.675815016,0,0,10.59585002,0.00777563,0.135750665,0,0,0,0,0.9716392,0,0,0,1.700785658,0.712621876,0,0.068456402,0,0,0,0,0,0,0,8.129584976,1.2597341,0,28.72757721,0,0,0,0,0,0,0,0,0,0,0,0,11.41703131,0.119719214,0,0,0.024937908,0,0,0,0.005732609,0,0,0,4.321422479,0.030476463,0.127941521,0,0.520070423,0,0,0.085174741,2.499296203,0,3.621260571,0,0,1.896358761,0,0,0,0,0,9.929614354,0,0,0,1.067585223,0.146329214,0.370308096,0.237297433,0,0.304642981,3.033477742,0,0.827109323,0,0,0,0
0,0,0,2.158899525,0,0.028305915,0,0,0,0,1.467932516,0,0,0,4.178488558,0.055932904,0,0.753438355,0,0,0,1.253849622,0,0,0,0.656277825,0.588836203,0,0,2.759101036,0,0,0,0,0,0,0.91236081,0,0,7.302128384,0,0,0.152750207,0,0.289044967,0,0,0,0.037812832,0,0,0,0.344347848,0,0,0.586747735,0,0.659876048,0,0.204633764,0.992731818,0,0.024746844,2.414293348,0,0.48072102,0,0,4.006511148,0,0,2.470657271,1.739609478,0.868549037,1.433656641,0,0,2.345894371,0.444224937,0.892758516,0,0.02670463,0,0.516496393,0.412915278,0,0,0,1.894148245,0.048940629,0.014779054,1.498816477,1.577856991,4.573211469,0,0.022165445,0.023473148,0,0,0
0,0,1.381756273,6.615824734,0,0.612006411,0,0,0,0,0.360139817,1.193548392,0,0,0.94293014,6.927062069,0.009362518,0.01035643,0,0,0,3.659057676,0,0,0,1.216986391,1.721472385,0,0,0,0,0,0,0,0,0,7.668410315,0.250541496,1.116430525,10.88154247,0,0,0,0,0,0,0,0,0,0,0,0,6.316263987,0,0.038832589,0,0,0,0,0.0420598,0.217693185,0,6.567690025,0,0.671138982,0,0,0,0.499145858,0.142611917,0,0.478529137,1.82199135,0.915479356,0.434897575,0,0,12.57158113,0,1.793299415,0,0.305728169,0,0.261918471,0.010607052,0,0,0,0.755687462,0.598528793,0.121586149,0,1.577137148,5.15689179,0,1.626567043,2.268894857,0,0,0
0,0,5.325085939,9.120501812,0,0,0,0,0.639959176,0,0.497090649,1.647542622,0.14781639,0,0.142109625,0,0.051664011,1.242274871,0,0,0,0.251050221,0,0,0,2.402281829,0,0,0.160598313,0.211983035,0,0,0,0,0,0,2.735063596,0.199400446,0.058420567,3.458230385,0,0,0.137124462,0,0,0,0,0,0,0,0,0,2.823287732,0,0,0,0,0,0,0,0,0.019599822,0.04039711,0,1.056182615,0.402099694,0.271952391,0,0.357735099,0.317280774,0,0,2.016047308,0,4.402276667,0,0,1.627750086,0,0.054740943,0,1.96887561,0,11.15327568,0,0,0,0,2.456846285,0.359962238,0,0.085949547,4.33514511,3.59649479,0.955613321,0.215288458,0.147469838,0,0,0
0,0,0.637306018,11.45710906,0,0.249384724,0,0,0,0,0.179435613,6.727832289,0,0,4.120893783,0.353850219,0.246016196,0.366752937,0,0,0,0.574223695,0,0,0,4.670974565,1.332773276,0,0.014893563,28.61190422,0,0,0,0,0,0,0,5.154771246,0,120.1296577,0,0,0,0,0,0,0,0,0,0,0,0,0.264168929,0,0,0,0,0,0,0,0.740498499,0,5.980756329,0,0,0,0.118282465,0,0.310174695,0,0,0.006242761,1.301569934,0,2.173519002,0,0,3.962391247,0.373839136,0,0,0,0,0.008339937,0,0,0,0,8.403333621,0.207260542,0,1.291956877,0.078568989,9.121049758,0,5.482467077,0.809365731,0,0,0
0,0,0.418365632,16.79686083,0,6.511788631,0,0,0,0,0.303022401,0.339448568,0,0,1.676757184,1.614906634,0.008619091,3.342330306,0,0,0,4.79687813,0,0,0,2.173368405,0,0,0,3.094242145,0,0,0,0,0,0,14.07175401,0,0.007015749,48.13080668,0,0,0,0,0,0,0,0,0,0,0,0,8.632586639,0,0,0,0,0,0,0.296688032,0.035030323,0.208410526,7.75774848,0,0,0,0.034980965,0,2.135460581,0.008538336,0,1.631816488,1.896231798,8.693004181,15.93565182,0,0,5.553014878,0.074187886,0,0,0,0,0.155494976,0,0,0,0.668431396,1.731264767,0.028436021,1.014364297,0.96824133,0.122970974,2.713759818,0,1.087653255,0.083703166,0,0,0
0,0,4.57174089,8.143586078,0,0.430837582,0,0,0,0,0.790705171,3.616653415,0,0,3.294005265,3.021800565,0,1.549238948,0,0,0,2.713194164,0,0,0,1.495278359,2.818708585,0,0,0,0,0,0,0,0,0,8.367689255,10.40602288,0,5.526388292,0,0,0,0,1.007325919,0,0,0,0.089412072,0,0,0,17.5979357,0,0,0,0,0,0,0,5.404885702,0,0.029876384,0,0,0,0,0,0,0,0,0.47480029,5.066820748,0.015981001,0.064961131,0,0,9.118362228,0.869731786,5.33848296,0,0.010148652,0,0,0.145195067,0,0,0,5.169874964,8.886752495,0,2.496798923,1.89063272,1.465026956,0,2.883059986,1.873440019,0,0,0
0,0,0.00269183,16.99257885,0,0.863468427,0,0,0,0,0.009639106,0.954760755,0,0,5.074318525,2.117261049,0.396069407,1.285578042,0,0,0,2.197709329,0,0,0,0.143241823,23.75093095,0,0,0,0,0,0,0,0,0,85.57896256,15.59804445,0,0,0,0,0,0,0,0,0,0,0,0,0,0,1.531835326,0,0,0,0,0,0,0,1.815720019,0.003954672,0.038286105,0,0,0,0,0,4.874473884,0,0,1.23718569,5.987816455,0.539750604,1.532776927,0,0,6.128625191,0,0,0,0.294728768,0,2.433863991,1.003754588,0.038826214,0,0,2.056053158,0.37544927,0.047373351,0,1.067428502,1.773016752,0,1.696286716,0.156039102,0,0,0
0,0,1.20837791,2.296254427,0,4.12400851,0.001713001,0,0,0,0.638376442,0.556245448,0,0,3.958694247,4.78693886,4.208453289,0.34033042,0,0,0,1.345420743,0,0,0,0.231601946,0.063730183,0,0.095191004,0.039528748,0,0,0,0,0,0,3.862988661,1.020287554,0,14.52237315,0,0,0,0,0,0,0,0,0,0,0,0,0.305550608,0,0,0,0,0,0,0,6.868602524,0,1.071079944,0,0.375483999,0,0.233727191,0,5.160687581,0,0,0.090090918,2.531028978,0.392285281,2.049080628,0,0,0.002331488,0,0,0,0.069864952,0,13.86518906,0,0,0.000189062,0,3.184795176,1.252878689,0.037158474,0,0.138186372,0.575843525,0,3.781777255,0.358923102,0,0,0
0,0,0.164138598,5.730864993,0,0,0,0,0,0,0,1.988487665,0,0,4.914028654,1.447010423,0.140330095,0.186964154,0,0,0,0.024512824,0,0,0,0.257629092,0,0,0,0.015206016,0,0,0,0,0,0,0.454868708,0.015586322,0,3.426843882,0,0,0,0,0,0,0,0,0,0,0,0.045651099,11.07156759,0,0,0,0,0,0,1.970632374,0.019332512,0,0.613704437,0.053855963,0,0.034988009,0,0,0.013111208,0,0.204168257,1.284004824,1.945970965,2.41379735,5.810114249,0,0,0.44827885,0.00207634,0.0349473,0.046175639,3.235255444,0,0,0,0.04067959,1.960413529,0.002848876,1.920948357,0.592211666,0.105790687,4.900358587,0.936086883,5.201271526,0.524300609,4.212723151,3.280717249,0,0,0.238169498
0,0,1.797698927,16.37069141,0.167053692,0.700505582,0,0,0,0,0.209768284,1.700622486,0,0,0.63685987,0.416546779,0.678451065,0.057655966,0,0,0,0.590598014,0,0,0,0.766208362,0,0,0,5.595587225,0,0,0,0,0,0,10.00515392,7.58899603,0,37.92381353,0,0,0,0,0,0,0,0,0,0,0,0,4.687251173,0,0,0,0,0,0,0,0.064690633,0.026754171,1.058936155,0,0.117682622,0,0.126009728,0,0.458549966,0,0.01371194,0.265574115,0.981404166,0.317698132,0.618133496,0,0,12.59451983,0.242043047,0,0.060261913,0.032516503,0,0.665661387,0.135097599,0,0,0.029317539,4.601324725,0.182607013,0,0.351576862,2.54488751,0.284021756,0.063819126,0.970701774,3.686981025,0,0,0
0,0,0,1.200352023,0,0.258515822,0,0,0.040924525,0,0.322167337,1.830593271,0,0,0.996633615,3.365950612,3.065000091,3.005779013,0,0,0,0.181054886,0,0,0.054816562,0.771934305,0,0,0,0,0,0,0,0,0,0,0.361422604,1.184825042,0.925726534,4.031408858,0,0,0,0,0.020499921,0,0,0,0,0,0,0,10.21132053,0,0,0,0,0,0,0,0,0,0,0,0.000394919,1.56541804,0,0.093167738,3.941543068,0.023105257,0,0.425221141,1.882914091,3.880613554,0.348623501,0,0.652754894,0.805834887,0.012445472,0.042876959,0,0.033294209,0,0.308440894,0,0,0.008077302,0.027958592,2.551157587,0.905740338,0.005210263,2.094692391,0.196151538,0.22328382,2.793560478,2.369676719,0.396402048,0,0,0
0,0,0,1.184278822,0.168375383,0,0,0,1.979533585,0,0,0.113694816,0,0,3.606326608,0.773388438,0,0.500003834,0,0,0,0,0,0,0.0324301,0.94424048,0,0,0,0,0,0,0,0,0,0,0.26136655,0.186211947,0,4.122036976,0,0,0,0,0,0,0,0,0,0,0,1.642860275,0.393127811,0,0,0,0,0,0,0,0.02865966,0.001385044,0.138796074,0,0,0.149377235,0,0,4.546469827,0.031124249,0.256389758,1.216811152,8.119857257,0.665454496,8.542988946,0,0,2.5397403,0.17949698,0.064337725,0.646436248,0.657609849,0,0.197828812,0.157954042,0,0,0,4.175394985,6.70046814,4.769403784,0.286187624,7.176953553,1.531096198,0,3.091724313,0.949775438,0,0,0
0,0,0.520399011,6.661685004,0,2.042426564,0,0,0,0,0,7.040274575,0,0,1.381001605,2.075119449,0.538178886,2.87663968,0,0,0,0.231347163,0,0,0,0.793803134,0.024813114,0,0,0,0,0,0,0,0,0,10.62024574,1.72596733,0,37.29044097,0,0,0,0,0,0,0,0,0,0,0,0,0.150414802,0,0,0,0,0.128877083,0,0,0.755725597,0.037254329,0.236209388,0,0,0,0.165425352,0,0.026668557,0,0,1.847866771,6.044444434,0.042271299,5.015516559,0,0,4.165239106,0,1.017233504,0,0,0.20849578,0.096071352,0,0,0.199980012,0.003445531,2.076496607,2.597771277,0.055510623,0.666838464,0.253218312,0.314645676,0.208077894,2.571277997,4.061310651,0,0,0
0,0,0.158099914,4.008981957,0,0.589573281,0,0,0.4105963,0,0,0.034833704,0,0,3.760858867,0.007517996,0,3.593825535,0,0,0,0.492838659,0,0,0,0.362586693,2.257869924,0,0,0.282305484,0,0,0,0,0,0,0.933645273,0.398095163,0,13.51496099,0,0,0,0,0.00325267,0,0,0,0,0,0,0,0.193820543,0,0,0,0,0,0,0.113106531,0.753890355,0.979595838,0.079775248,0.005609641,0.284083083,0.013838052,1.099740993,0,0.054398373,0.434035941,0,0.382221422,5.489240931,0.327371441,4.346898945,0,0,0.628635328,0,0.424318835,0,0.615671064,0,0.45931552,0.73361008,0,0.024290557,0,0.772660392,2.333097997,0.197378144,0.82829542,0.529311205,6.275349807,0.023544473,0.852446389,3.936389857,0,0,0.182317188
0,0,0.102604335,3.466467334,0,0.374316335,0,0,0.010747688,0,0,0.158048348,0,0,0.636399433,1.167096552,0,1.503119565,0,0,0,0.156015813,0,0,0,0.919358032,0.062055363,0,0,0,0,0,0,0,0,0,1.571593264,0,0,3.351025808,0,0,0,0,1.297926407,0,0,0,0.274680977,0,0,0,7.590083389,0,0,0,0,0,0,0.069720248,4.547105786,0,0.819518049,0.013680132,0.04846613,1.711774179,0,0,1.616930544,0,0,2.352681938,5.974014289,0,1.171831313,0,0,7.614655421,0.278380165,0.033079986,0.378902868,0,0,0.149223211,0,0,0,0,3.031173695,3.255954838,0.136077816,0.34100238,6.75755583,0.153379792,4.090115201,1.872848891,1.921324001,0,0,0
0.456603234,0,0.55136716,0.700159915,0,0,0,0,5.298867259,0,0.508070488,0.296698248,0,0,0.601520192,0.796103876,0,0.752327169,0,0,0,0.025686481,0,0,0,1.590630644,1.838528601,0,0,0,0,0,0,0,0,0,3.377258151,1.348328742,1.827707994,4.400763571,0,0,0.046449115,0,0.347844652,0,0,0.022260583,0,0,0,0,0.613508185,0.163920258,0,0,0,0,0.538912037,0,0.30018834,0.025228985,0.071639261,0,0,0,0,0,0.179243429,0.189890597,0.014075314,2.220763283,3.240523184,0.011515798,0.634397127,0,0,0.002812618,0,0,0.247434211,0,0,0.031754355,0,0,0.122882073,0.143939666,0.434477768,13.75124257,0,0.688391839,4.038064601,3.775035015,0,3.269345868,0.029649864,0,0,0
0,0,0,0.497490148,0,0,0,0,0.907037158,0,0.097799152,0.015563494,0,0,2.433697516,3.468915349,0,0.278808652,0.037194682,0,0,0.580225756,0,0,0,1.021489729,0.509836833,0,0,0.597221441,0,0,0.026671225,2.84203299,0,0,3.147383368,3.926655619,0.015732148,5.585040853,0,0,0,0,0.34609374,0,0,0,0,0,0,0,9.760603037,0,0,0.574397695,0,0.031366066,0,0,0.175058488,0,0.062541436,0.335323287,4.071059354,0.037567928,0,0,0,0.189191434,0,0.116209304,5.751061444,0.038052657,0.008044421,0,0,3.304972442,0,1.010478966,0.676056871,0.240921873,0,0.033902318,0.179469177,0,0,0,1.489072598,1.218293816,0.035416244,1.596291265,1.288947274,0.850473553,0,1.540272541,3.430169466,0,0,0
0.334405128,0.129256741,2.084929554,21.97261908,0.208019362,1.076675517,0,0,0,0,0,0.060425654,0,0,2.184939571,0,0,0.051513355,0,0,0,1.947944865,0,0,0,1.115435817,0.041206437,0,0,0.238595864,0,0,0,0,0,0,4.299191412,0.19252015,0,2.489756512,0,0,0,0,0,0,0,0,0,0,0,0,60.69328778,0,0,0,0,0,0,0.017808381,0,0.176297398,0,0,0.189535985,2.484888476,0.75967619,0.253219322,1.729146119,0,0,0.00142066,0.65248541,0.018429684,0.368320748,0,0,3.533725274,0.015135925,0.755835684,0,0,0,0,0,0,0,1.551693795,8.756218107,0.70077276,0.101636125,0,1.299833872,0.751866578,0,0.318967712,0.029441682,0,0,0
0.011946313,0,0.148772204,14.03837039,0,0.794369325,0,0,0,0,0,1.826813903,0,0,0.341940763,0.021383391,0,0.485774879,0,0,0,0,0,0,0,0.466860766,0.00174402,0,0,0.289592022,0,0,0,0,0,0,1.115329671,0.72002963,0,3.490006863,0,0,0,0,0,0,0,0,0,0,0,0,0.010367886,0,0,0.151588785,0,1.571532522,0,0.116685778,0.284963497,2.241778191,0.033216849,0,8.515332516,0,0,0.128417535,1.059130361,0,0,0.217668825,0.215968357,3.225350126,16.6836784,0,0,7.311611454,0.015782573,0,0.397058587,0.005109831,0,0.018693698,0,0,0,1.662599433,10.39734014,2.704350712,3.048982473,0.703171139,0.400685104,3.263488522,0,0,0.264836992,0,0,0
0,0.10742562,8.440151102,39.73655088,0,0.578140228,0.158254333,0,0,0,1.478910628,0.09680706,0,0,1.073582319,33.01375211,0,2.736940372,0,0,0,0.616097256,0,0,0,14.92311407,1.525651347,0,0,0.247720196,0,0,0,0,0,0,6.212932788,5.497895439,9.138833129,9.389998696,0,0,0,0,0,0.176289677,0,0,0,0,4.523234114,0,0,0,0,0,0,2.73533878,0,0,0,1.02698718,0,0,0,0,0.152989173,0,2.323215581,0,0,1.631073111,0.031404252,5.3322221,0.314254772,0,0,11.69862421,0,0.048269684,0,0.122219365,0,4.352025886,0,0,0.125357612,0,8.361645989,0.15174696,0.019265452,4.628945613,0.18810224,3.248330259,0,1.46512037,0,0,0,0
0.027949014,0,0.438326515,0.231924072,0,0.976235295,0,0,0.221654749,0,0,0.85301555,0,0,1.605040154,0,0,0.135129122,0,0,0,0,0,0,0,6.820381032,0.186161603,0,0,0.057952018,0,0,0,0,0,0,1.513277154,0.089365886,0,1.875062037,0,0,0,0,0.009190509,0,0,0,0,0,0,0,1.206849508,0,0,0,0,0.850610091,0,5.819941431,1.049713859,0.264568872,0.258812922,0,0.002259838,3.744349163,0.084972823,0,0.018093749,0,0,0.23094797,1.541887228,2.594442002,10.24490485,0,0,18.58031541,0.197276966,1.903708173,4.077216017,0,2.938776539,0.711129329,0.656275098,0,0.143148881,0,7.837642651,0.581049332,0.077453817,0.451984853,0.300457934,6.646533562,1.363589238,0.535032763,0,0,0,0
0,0,0.403641293,6.478064793,0.595097928,0.386857706,0,0,0,0,0.637858891,5.056733835,0,0,2.349539141,0.152134423,4.419456201,0.453935231,0,0,0,1.480843715,0,0,0,0.436218149,0,0,0,0.119693482,0,0,0,0,0,0,3.37417723,0.083995856,0,2.592149069,0,0,0,0,0,0,0,0,0,0,0,0,4.286768836,0.068834915,0,0,0.620293582,9.242479896,0,1.6043294,0.016634599,0.092349715,0,0,0,0.476972756,0.060866087,0,21.55115121,0,0,0.248175387,1.64641833,2.196474552,3.105249989,0,0,13.99639756,0.885422059,0.055349509,0,0.057989269,0,0.077084615,0,0.670475433,0,0.157078296,15.59385299,0,0.075337052,1.089603234,0.648218839,1.118279977,0,3.307465355,1.633291421,0,0,0
0,0,3.901749903,7.222721793,0,1.012824576,0.015629592,0,0,0,1.044756072,1.725766646,0,0,0.948415557,0.293297124,0,0.650539629,0,0,0,0.41007016,0,0,0,0.443828381,0,0,0,0.728755097,0,0,0,0,0,0,3.242463136,0.261567658,0,9.95592907,0,0,0,0,0,0,0,0,0,0,0,0,4.65374883,0,0,0,0,0.135222089,0.019858218,0.130047052,6.231370011,0,0.652218804,0,0,0.185083954,0,0,1.427351319,0,0,0.145856869,4.680997307,0,9.63245938,0,0,19.74686434,4.991797269,0.129624799,0,0.021636616,2.472407766,2.882868748,0,0,0,1.419531861,29.2687422,0,6.802910426,1.967011632,1.846580084,1.439630392,0,0.602822725,0.273760635,0,0,0
0,0,0.680586092,7.710774662,0,0,0,0,0,0,0,0.116073892,0,0,4.015961243,0.177672351,0,2.67845789,0,0,0,0,0,0,0,0.510390395,0,0,0,0,0,0,0,0,0,0,2.174742058,1.154282915,0,3.157231991,0,0,0,0,0,0,0,0,0,0,0,0,5.861020813,0,5.443450422,0,0,0.12041328,0,5.44460541,0.251463015,0,3.398696593,0,0,1.515052511,0.106029476,0,7.079425592,0,0,0,3.190106688,4.414973063,13.63650756,0,0,0.55410837,0.732265398,0,0,0.770980992,0.918789847,4.185655139,0,0.020597338,0,0.867271522,5.13094822,0.100321712,1.255102818,0.007227395,0.028984965,7.029344235,0,0.039803422,5.751615215,0,0,0
0,0,0.115521391,16.76826724,0,0.112860442,0,0,0,0.033601198,0.162705486,4.24442415,0,0,1.87044017,0.700728457,0,1.904934402,0,0,0,0.52555313,0,0,0,3.715978627,0,0,0,0.25286674,0,0,0,0,0,0,6.908475266,0.136145618,0,1.510958234,0,0,0,0,0,0,0,0,0,0,0,0,6.495660798,0,0.019617707,0,0,0,0,0,6.329597681,3.341202886,0.016129558,0,0.019447897,0,0,0,4.06018646,0,0.047355512,0.708948573,2.477146245,5.948578602,10.22798634,0,0,9.102378784,0,0,0.082068057,0.422055331,0,1.475894188,0.018205173,0,0,0.206201037,22.51659523,1.49075838,0.095140417,0.599435496,1.975550037,8.49980992,0,1.900211181,0.162980525,0,0,0
0,0,0.295102507,4.255403251,0,0.049123101,0,0,0,0,0,4.975584949,0,0,0.550690369,0.359532207,0,0,0,0,0,3.455052674,0,0,0,2.772035125,0,0,0,0,0,0,0,0,0,0,2.242169968,0.021268241,0,21.19501298,0,0,0,0,0,0,0,0,0,0,0.106439728,0,11.56791642,0,0,3.799079918,0,0.377868363,0,0,0.16999364,0.07245271,0,0.018784559,3.19113369,2.296110837,0.324095218,0,0.011148591,0,0,0.607561383,0.740694545,0.190141482,5.68901998,0,0,4.260198923,0.138406647,0.24813819,0,0.0816952,2.779525037,2.716222858,0,0,1.559230906,0,9.085482699,1.424890376,0.703984682,0,2.353614005,0.626525319,0,0.103744167,0.781180541,0,0,0
0.081248035,0,0.321580437,20.78946471,0,1.840218059,0.027636082,0,0,0,0.129251915,0.021292591,0,0,1.165600551,4.839152895,0.013020175,7.393945723,0,0,0,0.126383539,0,0,0,1.308730612,0,0,0.975787004,0.382220293,0,0,0,0,0,0,4.106628365,0.455969848,0,2.676133359,0,0,0,0,0.026686827,0,0,0,0,0,0,0,0.423949956,0.418961646,0,0,0,0.0731745,0,0,2.214024672,0,0.646235903,0,0.702550648,3.495217552,1.881570737,0.300464686,0.164667846,5.519349629,0.231346608,0.096772873,1.981611181,1.767115775,26.01508603,0,0.059207293,8.614377985,1.086235044,0.118550018,0.242087163,1.880073939,0.426978335,9.001380553,0.038721925,0,4.463350523,5.114744928,10.08598565,0.215476962,2.206604563,0.025428036,2.510968931,3.633528569,0,0.75693784,0,0,0,0
0.079272185,0,1.88742677,12.002958,0.049363457,0.021142285,0.018931977,0,0,0,0,0.846145739,0,0,3.483671387,0.096623266,0,0,0,0,0,0.112569867,0,0,0,0.019808075,0.485676227,0,0,0.914009023,0,0,0,0,0,0,3.438383788,0.004535108,0,17.33730824,0,0,0,0,0,0,0,0,0,0,0.884555267,0,8.165523659,0,0,0.161765711,0,0,0,1.766578612,0,0.124479039,0.864579412,0,0.406752041,0.698733698,0,0,2.505588061,0,0,1.20511888,0.826652423,0.00111583,1.86910455,0,0,5.861367712,3.556390766,0.01827832,1.418284074,0,1.555722199,0.987714403,0.55895969,0,0,0,44.71557223,0.35375575,2.45376761,0.159268028,0.158186442,3.869809933,0,2.959594037,0.072494321,0,0,0
0,0,1.98064931,12.88949347,0,0,0,0,0,0,2.84189737,0.0383577,0,0,10.55943692,0.348333868,0,0.483192728,0,0,0,0,0,0,0,0.052687223,1.440044628,0,0,0,0,0,0,0,0,0,0.393330191,0.261177992,0.995000572,5.889479806,0,0,0,0,0,0,0,0,0,0,0,0,3.429185378,0,0,0,0,0.753685794,0,0.48563991,0.215795551,0,0.020001024,0,0.030852921,0.062710859,0,0,5.656411746,0,0,1.767600388,1.985160497,4.821220097,8.280032789,0,0,9.21774598,2.442057174,0.020733605,0,4.21891547,0,0,1.779631687,0,0,0.52166668,5.163138479,7.725187762,1.833793828,1.432102874,0.154076704,1.813459449,0,1.049879896,0,0,0,0
0,0,0.052538226,5.308661902,0,0,0,0,0.023756198,0,0,0.156660783,0,0,0.009286106,0,0,0,0,0,0,0.0199522,0,0,0,0.297434091,0,0,0,0.504462436,0,0,0,0,0,0,7.83002768,3.127945,0,8.955130844,0,0,0,0,0,0,0,0,0,0,0,0,6.511834883,0,0,0,0.037869491,0,0,0.181520218,0,2.39581586,0,0.960704388,0.074437661,0.017958453,4.874311019,0.155196131,4.562692851,0.004526849,0.971162978,2.778820092,7.778442165,8.840604454,20.55446766,0,0,7.46184891,8.96092908,0,0.252045895,0.076072792,3.919107965,0.707805641,1.95583258,0,0.435651754,2.080205134,4.131697827,0,0,0.260740924,23.3777046,2.100278045,0,3.921085768,1.253935419,0,0,0
0,2.469155021,0.01335396,2.18E-20,0,0,0.253377455,0,0,0,0.161948726,0.450704642,0,0,1.130808463,0.140567924,0,0.167730376,0,0,0,0,0,0,0,4.391795445,0.925696588,0,0,0.463807654,0,0,0,0,0,0,4.566747119,0.13408145,0,1.637408439,0,0,0,0,0.394786434,2.2668247,0,0,0,0,0,0.11454405,12.64909337,0,0,0,0.923167902,0,0,0.364931213,0,1.035082068,6.656194386,0,1.118660929,0.514701745,0,0.114198874,2.831445118,0,0,0.365954654,1.694463607,1.481496326,2.305421136,0,0,9.478569048,0.091492549,0.705703179,0.460916013,4.378098457,0.082237894,5.516704363,9.587692793,0,4.324037274,0,0,0.893306076,0,0.359831095,12.3516596,4.223052999,0,0.788660278,1.493173631,0,0,0.036521006
0,0,0.182412039,14.59764362,0,0,0.251082279,0,0.132023892,0,0.015665989,1.927036451,0,0,1.4266128,0.094765387,0,2.939304951,0,0,0,0,0,0,0,7.481168674,0,0,0,0,0,0,0,0,0,0,0.675765128,0,0,3.059136804,0,0,0,0,0.203633847,0,0,0,0,2.994268627,0,0.11175867,0.839236861,0,0,0,0,0,0,0.018882285,0,0,6.215988048,0.490142481,0,0.245287126,3.581258905,0,0.582783755,0,0.049523243,0.203345928,0.035482498,4.974367634,16.74731162,0,0,3.910837756,0,0,0.424349868,0,0,1.014837018,2.562492158,0,0,7.660065239,2.952916017,0.360517313,2.901539561,0.065084927,6.688558814,1.136750625,0,6.832100376,1.803946894,0,0,0
0,0,0.127281742,16.92501806,0,6.73E-19,0,0.181319269,0.738635628,0,0.08323129,6.437668976,0,0,0.997637967,0,0,4.046439115,0,0,0,0.314192672,0,0,0,3.215661047,0.30104927,0,0,0.5972199,0,0,0,0,0,0,0.844617141,0,0,1.008046606,0,0,0,0,0,0,0,0,0,0,7.577092838,0,2.197784216,0.031829209,0,0,0,0,0,0,0.08833166,0,0,0,2.272920219,0,10.96848179,3.627513322,0,0,0.221540175,0.337743127,7.847781595,0.224075413,0.084013686,0,0,0.077582383,2.251013887,1.046874174,0,0.45885117,0.510383385,0.041555096,0.703272565,0,0,0,6.883903838,0.656977698,0,0.204010847,5.194779261,4.550774924,0.467130688,11.63046752,0,0,0,0
0,0,0,18.46655269,0.093082422,0.276918088,0.036761419,0,0.007795739,0,0,1.103020311,0,0,0.250579937,0.180611533,0.494196796,4.82909646,0,0,0,0.006060192,0,0,0,3.746879653,0.523382427,0,0,6.81211742,0,0,0,0,0,0,2.189293224,0,0,3.345258854,0,0,0,0,0,0,0,0,0,0,0,0,1.933347147,0,0,0,0,0,0,4.20255546,0,0,1.332456779,0,1.982039456,2.688493104,0,1.213775956,0.559086856,0,0,1.754344416,0.758830809,6.738097148,10.10725326,0,0,18.80348952,0,0,0,2.826753192,0,0,0.397185278,0,0,0.179730247,1.966348685,3.261754593,0.32899772,2.300351528,1.359000126,3.867296939,1.194138705,5.045843691,1.242650788,0,0,0
0,0,0.361231484,12.20617246,0,0.67604774,0,0,0.190071607,0,0.008373766,0.979985268,0,0,0.181148911,0,0,0,0,0,0,1.231543987,0,0,0,11.38951385,0,0,0,0,0,0,0,0,0,0,1.308136786,0.352590935,0,6.486544697,0,0,0,0,0.030963361,0,0,0,0,0,0,0,4.319075312,0.504019596,0,0,0,0.024879649,0,0,1.347738562,0,1.067824704,0,0.113317528,3.697278222,0.031849732,0,0.137251564,0.184284631,0,3.357577748,0.563167316,1.221053686,4.084893845,0,0,2.177494379,0.112174187,0,0.099896844,0.779668797,0,2.334376441,0.113643755,0,0.086814519,0.063895806,7.45857668,1.390700374,0.041592157,4.593439561,5.560123767,11.96311677,0,5.641724748,2.396127858,0,0,0
0,0,3.28579116,10.0064074,0,1.904818195,0,0,0,0,1.679274795,6.497268566,0,0,13.33813323,2.312608505,4.632647984,0.060901862,0,0,0,17.74526763,0,0,0,3.056283185,0,0,0,0,0,0,0,0,0,0,0.968812973,7.890546574,0.239400648,11.39148766,0,0,0,0,0.031281962,0,0,0,0,0,0,0,5.377324854,0,5.339269252,0,0,0.136082702,0,0,0,2.402956001,2.079418937,0,0,0,0.034068838,0,0,0,0,3.07864694,19.1892343,11.74081458,5.309239893,0,0,1.593502536,0,0,0,0.060199565,0,1.348269674,0,0,0,0.162857733,9.673115463,1.243682934,1.04082138,0.825578178,5.915632161,8.040951998,0,0.26176772,0.022717513,0,0,0
0,0,0.373518529,20.47845239,0,0.662345231,0,0,0,0,0.848774058,1.631715913,0,0,0.696485974,0.0069022,0,0.140124188,0,0,0,2.766214458,0,0,0,1.846840793,0,0,0,0.22900897,0,0,0,0,0,0,4.632617724,0.250851885,0,1.983266613,0,0,0,0,0,0,0,0,0,0,0,0,8.570423416,0,0,0.026781764,0,1.394264327,0,0.920619603,5.939285976,0.399156581,1.349957751,0,0,0,3.015201418,0,1.072693711,0,0,4.955871208,6.781194974,6.516392115,2.38383697,0,0,2.70979792,1.001269929,0.196923489,0,0,2.833510247,0.002995778,13.82196222,0,0.075765292,3.286223419,5.494961216,0.513842127,0.026233849,0.015597185,4.00515677,6.768158821,0,0,0.039545662,0,0,0
0,0,0.080501113,9.684840647,0,0.006738917,0,0,0,0,0,3.546283587,0,0,0.775725947,0.728808654,0.04406905,2.150899944,0,0,0,0.314480691,0,0,0,4.506584225,0,0,0,0,0,0,0,0,0,0,0.588406964,0.027275648,0,0.7634019,0,0,0,0,0,0,0,0,0,0,0,0.074476937,7.805134931,0.552755971,0,0,0,0,0,0,0,0,13.90837802,0,0,0.535214799,0.009649416,0.455753296,0.867523528,0,0,3.04723897,5.927075312,12.79725645,5.459951628,0,0,5.188657941,0,0.148898945,0,0,0,0.054932886,0.352432811,0.059265181,2.056074986,2.072308707,1.475305965,3.99934119,0.128660243,0.090071312,1.548814377,12.01502756,0,0.024071702,4.660254637,0.071120495,0,0.145272686
0,0,2.767053119,9.865751291,0,0.542751472,0,0,6.074452185,0,0,8.66168302,0,0,0.071388252,0.481740648,0.118820006,0.285904078,0,0,0,2.223730773,0,0,0,16.81354898,0,0,0,0,0,0,0,0,0,0,1.442869844,0.179854594,0,8.759619819,0,0,0,0,0,0,0,0,0,0,0,0,5.799321934,0.208789277,0,0,0,0,0,0,0,1.695905994,6.266626675,0,0,0.052440305,0.118317525,0.268821013,4.014083921,0.897839356,5.511826833,0,1.631043549,1.024036358,15.10523845,0,0,1.402027382,0,0,0.862882316,0.249563652,1.141320039,0,1.533630726,0,1.529157486,0.225334463,2.481964956,3.869655835,0.6308453,0,1.034112343,7.365881066,0.058937752,7.473052932,1.798826062,0,0,0
0,0,0.186385708,10.79819681,0,0,0,0,0,0,0.127295538,0.147772795,0,0,3.344787201,7.090600422,0,0.401811776,0,0,1.755900811,10.07328577,0,0,0,1.922047448,0,0,0,0.021618241,0,0,0,0,0,0,0.851938411,3.814657742,0,2.754365942,0,0,0,0,0,0,0,0,0,0,0,0,7.682395907,0,0,0,0,0,0,0.080028102,5.923592589,0,0.289321124,1.197587626,0,0.157194852,0,0.069819893,3.887951124,3.533425341,0.015834996,1.788310219,0,4.276796204,0.276656007,0,0,0.932224402,0.084172439,0.990026702,0,0.216911818,0,2.424358543,3.554747261,0,0,0,2.558884093,0.857447675,0,0,1.230015257,2.510815245,0.73289625,0,7.305935772,0,6.41979668,0
0,0,0.46870688,15.84110036,0,0,0,0,0.007046867,0,0.422245583,0.18366415,0,0,0.168566325,0,0,0.235465333,0,0,0,0.125462775,0,0,0,2.93284559,0,0,0,0,0,0,0,0,0,0,3.867251318,0,0,2.440651214,0,0,0,0,0,0,0,0,0,0,0,0,6.571714706,0,0,0,0,0,0,0,0,0,9.352705739,0.057028716,0.15731514,0,0.186572624,1.39293664,5.584520864,0.434858212,0,1.071896016,5.466862785,0,0.846377374,0,0,2.917062243,0,0.140090939,0.81785013,0,0,0.20309008,0.576245796,0.278163209,0,0,3.815176864,0.733974016,0,1.526906549,46.99176026,9.472550707,0.627782336,6.547201128,2.781459717,0,0,0.333399664
0,0,0,24.36491267,0,0,0,0,0,0,0,0.662051552,0,0,1.828627683,0,0.189328524,1.024642905,0,0,0,1.90828798,0,0,0,0.854584802,0.059932364,0,0,0,0,0,0,0,0,0,3.169815122,2.978363395,0,14.25648884,0,0,0,0,0,0,0,0,0,0,0,0,1.521086894,0,0,0,0,0,0,6.776650388,8.505994888,0.975218118,12.04162199,0,0.778288541,0,6.626226849,0.189988551,2.529740976,0,0,7.582336118,0.52312563,0.473297953,0,0,0,19.89840885,0.403189371,0,4.157473536,0.043133156,0.35538525,11.43480674,0,0,0,0,12.67389368,0.066600118,0.324759345,0.100377918,0.28709113,4.215046317,0,1.333811189,0.081235072,0,0,0.078715201
0,0,3.692655832,15.12128718,0,15.57282632,0,0,0,3.90460297,0,0.548889646,0.007723479,0,0.436402292,3.606781077,0,0.029995784,0,0,0,0.793620864,0,0,0,2.234307978,0,0,0,3.663601532,0,0,0,0,0,0,3.302113463,1.646861386,0,9.125313282,0,0,0,0,0,0,0,0,0,0,0,0,5.196192527,0,0,0,0,0.006437235,0,0,0.031857499,0,0.284018803,0,0.022066456,4.364611603,0.03739568,0,0.932727845,0,0,0.489672734,7.480223331,1.938245243,7.641691348,0,0,7.984831747,0.021615254,0,0,8.322455149,0.143984359,1.110680436,0,0,0,7.416202642,1.789130986,0.01443814,11.25472939,0.736585132,1.979194851,2.972821808,0,6.281223846,2.317736279,0,0,0
0,0,0.228112215,7.888715039,0,1.013705436,0,0,0,0,0,1.343579534,0,0,0.417719449,0.295409815,0,4.046988757,0,0,0,0,0,0,0,0.360839685,0,0,0,2.766126862,0,0,0,0,0,0,3.273450441,0.991142828,0,23.04623313,0,0,0,0,0.872754849,0,0,0,0,0,0,0,6.230906312,0,0,0,0,0,0,3.783393492,11.0445257,0.553822836,1.263822248,0,0,0.193499658,1.032022763,0,0.333574045,0,0,0.648858049,5.204581116,0.015544877,11.99165373,0,0,5.726241623,0.474684702,0.043367454,0,0,0,2.68476633,0.006842508,0,0.712571466,0.062140422,20.23511813,1.3615924,2.703809677,0.268185299,0.488383655,2.427809094,0,0.000201824,1.271729215,0,0,0
0,0,0,13.75313296,0,3.201962742,0,0,0,0,0,0.027288742,0,0,4.982061712,1.906779767,0,0.38505017,0,0,0,2.190729096,0,0,0,1.036782542,0,0,0,1.135573746,0,0,0,0,0,0,0.951323976,6.835157674,0,11.42470769,0,0,0,0,0,0,0,0,0,0,0,0,6.783038388,0,0,0.030389355,0,0,0,0,0,0.536056669,0.15464074,0.089801565,0,0,0,0,0.501823441,0,0.055295805,5.20642813,3.687742608,0.668813787,4.590980643,0,0,0,0.080583648,91.7984439,19.70570398,1.078041659,0,1.222360271,2.190990672,0,0,1.520299463,18.35182955,0.036764641,5.317993327,2.830877133,0.914169398,1.702995321,0,2.299845065,2.675657234,0,0,0
0,0,2.497122859,12.89361992,0,0.733052419,0,0,0,0,0.812861403,0.824359065,0,0,7.835545381,3.338301431,0,0.028859233,0,0,0,0,0,0,0,0.485048969,0.090753062,0,0,0.070022677,0,0,0,0,0,0,8.672467048,1.571013948,0,20.55259706,0,0,0,0,0,0,0,0,0,0,0,0,7.78668524,0,0,0,0,0.109552541,0,3.329122677,9.142351586,1.570275473,3.753320353,0,0.01717747,0.018550488,0.230358972,0,1.709784346,0.274339954,0,0.002689674,4.92066084,0.67742489,20.29865881,0,0,9.019180781,0,0,0,0.046725484,2.426387654,10.40844919,0,0,0.066360603,0.293969658,14.3496586,1.588426843,0.035639693,0.74628011,4.527714953,1.322779136,0,2.923185737,0.166164283,0,0,0
0,0,0.329686351,4.367675097,0,7.487558498,0,0,0,0,0.12561809,0.443164375,0,0,0.496286386,0.735442644,0,0.445447477,0,0,0,1.474839287,0,0,0,5.088223061,0.508697171,0,0,0.587964552,0,0,0,0,0,0,4.797227235,2.994684908,0,9.427382019,0,0,0,0,0,0,0,0,0,0,0,0,0.461648401,0,0,0,0,0.051540955,0,0,2.879316143,0,0,0,0,0.040048094,0.049923039,0.038599267,0,0,0,0.929566796,2.205037403,0.219192638,2.056136374,0,0,74.00686843,0,0,0,0,0,4.243499736,0,0,0,0,0.604817991,0.225140657,0.141277644,1.165484272,1.937803557,3.521915814,0,1.578175535,0,0,0,0
0,0,0.004700741,23.32176224,0,0,0,0,0,0,0,0,0,0,2.716198079,0.14338057,0,0.639994357,0,0,0,0.029988489,0,0,0,0.59391746,0,0,0,2.897558466,0,0,0,0,0,0,5.208380398,0.122734084,0,12.96689274,0,0,0,0,0,0,0,0,0,0,0.055645446,0,0,0.235744252,0,0,0,0,0,2.275415809,15.64999115,0.014501595,0.994026265,0,0,0.10327938,0.329544759,0,0.591893775,0,0,0.743948458,4.682071612,1.545414224,16.63907232,0,0,12.37263245,0.509204667,0,0,0,0.068021967,11.0916576,0.086956453,0,0.048831463,0,21.23475337,0.02603268,2.411179985,0.797572438,1.759419852,4.56029765,0,6.266058047,0.296480214,0,0,0.252030627
0,0,0.780173966,1.115329465,0,1.637146671,0,0,0,0,0.063898775,4.271821584,0.889739271,0,5.392247289,0.7147844,0,0,0,0,0,0.525041563,0,0,0,0.367538092,0,0,0,0,0,0,0,0,0,0,0.668308003,0,0,3.792373281,0,0,0,0,0.016967993,0,0,0,0,0,0,0,2.060512191,0,0,0,0,0.001714392,0,0,2.062615725,0.503948117,0,0,0.049956718,1.299335748,0.101056755,0,1.13473978,0,0,0.92789464,0.212002476,13.88939002,3.335786348,4.858810774,0,2.2007826,0.453028127,2.239529237,0,0,0,5.696668058,0,0,0,2.973980075,0.958747309,0.285937219,28.12253824,5.727503044,4.359588359,1.807518993,0,0.119517082,0.468957237,0,0,0.081315246
0.070366442,0,0.29450263,17.32106816,0.809515614,0.011583156,0,0,0,0,0.06340238,0.232747413,0,0,1.324203113,5.497300702,0,0.537799029,0,0,0,0.584946508,0,0,0,0.008405801,0,0,0,0.283772448,0,0,0,0,0,0,2.146032795,0.621460281,0,11.80963699,0,0,0,0,0,0,0,0,0,0,0.13321699,0,8.860002684,0.399139244,0,1.049711173,0,0,0.379145169,2.142807966,8.939369947,1.01351255,1.50938937,0,0,0.317257852,0.114782418,0,0.005814451,0.018646178,0,1.055095244,3.31417687,0.099476972,17.96489666,0,0,4.690172242,7.782517628,1.331874718,3.197817246,0,0,14.89514152,0.746315967,0,0.307045972,2.295668514,19.08895658,0.352502551,0.199924419,0.714056556,0.665845499,7.420469637,0.275049634,2.218692784,0.931198164,0,0,0
0,0,2.449573814,6.211554146,0,0.319768436,0,0,0,0,0.053666277,0.967399812,0,0,1.444862966,0.147216585,0,0,0,0,0,0.92270307,0,0,0,4.952508138,0,0,0,0.23520349,0,0,0,0,0,0,6.668622512,0.526303365,0,14.61636346,0,0,0,0,0,0,0,0,0,0,0,0,21.07440909,0.764555479,0,0,0,0.042095752,0,0.004107475,0.345678371,0,2.032136953,0.568158329,0,0,0.090441369,0.088551355,3.549633626,0,0,0.186939799,6.237081521,1.226953858,16.83762956,0,0,16.50573835,0.21724531,0.408608555,0.044290691,0.397848929,0,0,0.720480321,0,0,0.437717931,25.32646635,0.022907192,0.200446994,0.287452969,1.545140349,2.748978491,0,0,4.162324481,0,0,0
0,0,1.176011862,0.719056204,0,0,0,0,0,0,4.404933146,2.509060251,0,0,4.959406498,0.209284661,0,0.020160308,0,0,0.092345122,3.562474353,0,0,0.03733782,0.773321704,0,0,0,3.01455199,0,0,0,0,0,0,3.526105789,0.751951446,0,0.173326647,0,0,0,0,0,0,0,0,0,0,0,0,0.151502651,13.18766301,0,0,0,0,0,0.784939557,0.457726267,2.579448751,5.352672292,3.797992175,0,0.140812169,0.005411988,5.199208293,0.346577266,24.02941271,0.16629165,4.296709034,0.517188075,0.416873498,0.577776617,0,0,9.147468097,0,0,0.398435808,0.123535997,0,1.611670742,0,0,0.010004863,0.251694785,0.444727085,16.03905812,6.459113279,4.842015598,10.40355965,5.407746651,0,3.89437843,0.296540061,0,0,0.236648297
0,0,1.834068944,7.727591323,0,0.794348083,0.02948593,0,0,0,0.19656386,0.1058876,0,0,0.045468151,0,0,1.362655857,0,0,0,0.199895728,0,0,0,2.176329009,0,0,0,0.724543997,0,0,0,0,0,0,4.414343236,0.168529037,0,4.254237901,0,0,0,0,0,0,0,0,0,0,0,0,1.468139937,0,0.092044841,0,0,0.484671929,0,0.029311067,0.072243935,0,1.971212734,0.425258183,2.897216829,0.00801311,0.023827565,0.116440685,0.848547436,0,0,1.787659306,0.152522786,14.2677574,2.670253763,0,0,17.21516411,3.616513874,0,0.19549807,0.002256988,0,0.733620385,0,0,0,0.179234966,8.413333672,0,2.281406549,0,0.886192126,2.162127944,0,1.399562931,1.357684676,0,0,0
0,0,0.035044531,9.906285965,0,0.686365229,0,0,0,0,0,1.440215262,0,0,8.084869667,0.313263284,0,3.397133386,0,0,0,2.595091866,0,0,0,6.920362984,0.248056931,0,0,0,0,0,0,0,0,0,4.273135843,0,0,3.51254487,0,0,0,0,0,0.294319449,0,0,0,0,0,0,7.030602599,0,0,0,0,0,0,7.435429152,0,1.650982324,2.250687883,0.151069324,0.470220033,0.269037356,0.594875118,2.00457891,0.064097912,0.430009965,9.351121981,8.501929257,6.317478856,8.985358556,9.229001174,0,0,0.731030347,2.714384538,0.208988442,0.372816352,2.560561433,0.408233842,2.092097128,3.131605787,0,0,0.088680194,1.935780857,0.329858059,0.751454665,0.003357786,2.589299935,2.382936777,0.067470911,0.434210421,2.172334459,0,0,0.0168981
0,0,1.148308142,2.108730579,0,0.08487984,0,0,0.024586547,0,0.135427642,4.113847346,0.266896966,0,1.226675211,0.074033293,0,2.722912725,0,0,0,0.142352939,0,0,0,0,0,0,0,0,0,0,0,0,0,0,1.631828424,0.057772621,0,14.48862811,0,0,0,0,0,0,0,0,0,0,0,0,1.547712715,0,0,0.029598644,0,0.067029149,0,0.154943682,0.643415904,1.634409285,3.47385074,0.296702219,2.122315971,0,0,0,1.932321868,3.418563271,0,2.441977281,2.060904578,2.010316853,4.941013248,0.706268299,0,10.97694842,0.061986407,0.02080863,0,5.114736924,0.018847847,14.8620233,0.072619938,0,0.207347503,0,1.991428384,2.81596481,3.341157307,17.41799365,7.17781796,2.842114411,0,0.388714705,1.037523924,0,0,0
0,0,17.8081229,29.2164618,0,0.685919054,0,0,0.071259787,0,0.339944593,4.609691871,0,0,0.367281617,0,0,0,0,0,0,0.02257728,0,0,0,0.508128577,0,0,0,0,0,0,0,0,0,0,1.188293003,1.777343379,0,5.60374641,0,0,0,0,0,0,0,0,0,0,0,0,9.453480812,0,0,5.044949623,0,0.206788123,2.94296521,0.215129617,16.05123893,0,0.076442604,0,0,0.817608684,0.989674348,0,0.319965967,0,0,1.02902378,4.572883131,3.766597358,17.68357443,0,0,24.20223755,2.746072219,0,0,0.470431364,2.710726792,16.54200489,0.004784884,0,0,0,0,0,0.581670093,0.126738361,2.331696757,0.852592918,0,0.396963706,0.18776263,0,0,0
0,0,0,18.88941353,0,0.154550294,0,0,0,0,0.636498255,15.98092554,0,0,5.527895065,1.278925145,0.028484848,0.310417619,0,0,0,7.84151635,0,0,0,2.040328347,0,0,0,0.121252746,0,0,0,0,0,0,3.583295742,0.695975758,0.11576226,18.88856204,0,0,0,0,4.506528759,0,0,0,0,0,0,0,1.39911945,0,0,0,0,0,0,0,0,0.08069532,0,0.211179879,0,0.368792732,0,4.53300892,0.325534618,0,0,4.937649151,2.158605923,1.61937497,11.17550504,0,0,0.515440511,1.653527732,0,0,0.896609334,0,2.120044696,4.716255489,0,0,0,0.293487973,0,4.863960177,1.265600766,17.36936021,8.97217491,0,0.074798621,0.001144159,0,0,0
0,0,0.027356976,2.258538396,11.9022876,0.09872446,0,0,0,0,0,3.695657119,0,0,0.142203228,0,0,14.13768292,0,0,0,3.499055096,0,0,0,0.404675097,0,0,0,0,0,0,0,0,0,0,2.166513988,0,0,7.903202772,0,0,0,0,4.248768717,0,0,0,0,0,0,0,0.034784291,4.614461525,0,0,0,0.63044685,0,0,0.007007479,2.4142055,0.029341727,0,6.79057455,1.518784774,0.86209077,0.001696413,11.56109665,0,0,2.441258077,1.703239366,0.859913997,16.67209263,3.835504267,0.076177704,13.15281672,0,0,12.84493417,18.48838556,0,0.936152394,1.059595819,0,0,5.958550791,0.679214403,7.474667297,0,0,8.15679314,4.677696352,0,0.87424166,5.976871117,0,0,0.740270857
0,0,1.695939849,4.436885988,0,0.46672998,0,0,0,0,0,0.831994543,0,0,2.918836752,0,0,1.568524718,0,0,0,2.373200534,0,0,0,0,0,0,0,0.067321305,0,0,0,0,0,0,9.575136468,5.078007615,0,5.799136644,0,0,0,0,0,0,0,0,0,0,0,0,2.533228578,0,0,0,0,0,0,0,0,0.374369444,0.441331031,0.75216585,0,0.129175919,0.05347106,0,0.286418619,0,0,0.310540871,3.51112324,2.302900339,0.20333885,0,0,8.366625076,0,0,0,1.49738636,0,5.845639758,0,0,0,6.092506078,3.796909652,0.221733019,0,0,1.227906936,8.249439519,0.824394754,8.335683966,2.258483461,0,0,0.538567033
0.075258252,0,0.086071156,8.368887513,0,0.421199447,0,0,0,0,0,3.455699279,0,0,0,0.006612408,0,0.286595513,0,0,0,0.119689285,0,0,0,1.323076816,0,0,0,2.880928541,0,0,0,0,0,0,5.343644476,0.454234786,0,5.559280134,0,0,0,0,0.598343556,0,0,0,0,0,0,0,0.271812753,0,0,0,0,0,0,0,0,0,16.78676758,1.029102705,0.893379196,0.104708833,0,0.534787622,11.89705484,0,0,3.049961128,1.486113081,32.14494146,0.401202973,0,0,0.78793776,0.069140447,0,0,5.498230965,0,0.066519609,3.2486116,0,0,0.364519974,1.366822228,3.729145718,0.033608287,1.231581762,0,4.723455911,0,4.371303546,1.747555955,0,0,0
0,0,0,1.128553293,0.751818127,3.831774768,0,0,0,0,0,3.626203985,0,0,12.00335108,0,0,20.0625314,0,0,0,8.940438644,0,0,0,7.541639177,0.053987952,0,0,1.052936101,0,0,0,0,0,0,1.24007997,0,0,9.521172177,0,0,0,0,0,0,0,0,0,0,0,0,10.31497429,0,0,0,0,0.26837376,0,0,0,7.731427747,6.310578964,0,0,0,0.270105874,2.592974483,6.761396075,0,3.685664056,25.65446683,24.82095268,21.15986829,7.920460641,0,0,1.232500473,0,0.005713316,0.314165793,5.593071723,0,0,0.130126677,0,0.453547488,1.08111369,0.112858373,1.195959411,0.787260874,6.06028952,23.38212355,0,1.376171801,6.148594087,0.427081742,0,0,0
0.016157844,0,1.449311046,3.194470442,0,0.068904061,0,0,0.007581448,0,0,2.849696562,0,0,0.081205943,1.43880102,0,1.456434833,0.020666144,0,0,0.053770252,0,0,0,2.027986021,0.032654682,0,0,0.162421858,0,0,0,0,0,0,0.460991588,0.100514749,0,2.060111436,0,0,0,0,0,0,0,0,0,0,0,0,8.061155801,0,0,0,0,1.410495807,0,0,0.028819484,3.092204534,15.42987631,0,0,0,1.111658528,0.251110953,0,0,0.695651178,2.392616477,10.80304778,4.38245995,12.13123712,0,0,1.688141799,0.238550174,0,0,0,0,0,0.121481318,0,0.209209802,0,4.749004062,2.156432098,0,3.119346028,3.957858355,5.060390983,0,1.198220953,1.625777234,0,0,0
0,0,0.631312227,10.50539332,0,0,0,0,0,0,0,1.671000316,0,0,0.834940079,1.590651546,0,18.5235171,0,0,0,0.034660307,0,0,0,0.290436731,0,0,0,0,0,0,0,0,0,0,6.438737466,0.017953923,0,10.37021267,0,0,0,0,0.124133991,0,0,0,0,0,0,0,14.3051578,0,0,0,0,0,0,0,0,0,0.354111894,1.615017409,0,5.112091112,2.221126398,1.312284324,0.465618456,0,0,16.62667819,5.160237896,1.440809563,8.421780931,0,0,5.445834516,0.913171915,0,0,5.847400462,0,0,0.847656294,0,0,0,3.568499509,3.538828834,0.049607294,4.617138433,0.108662395,4.541480081,0,0,12.38001105,0,0,0
0,0,0.040290577,6.468150325,0,0,0,0,0.708296751,0,0,3.7551961,0,0,3.238751311,0.423834572,0.167001191,0,0,0,0,2.448761186,0,0,0,3.738973952,1.231075285,0,0.019303795,0.078120877,0,0,0,0,0,0,7.116470496,0.287782348,0,17.06392903,0,0,0,0,0,0,0,0,0,0,0,0,0.936888701,0,0,0,0,0,0,0,3.005648718,0.072220425,3.68741431,0,0.03031016,1.223082209,4.327686367,2.32177191,0,0,0.001838933,6.214805412,9.165519374,5.253090974,0.634374411,0,0,4.455736193,0,5.815423901,0.273725496,0.77868185,0,4.890462252,0.248310296,0,0,6.437428463,0.956303142,1.403936689,2.056479569,6.378067783,0.207094064,5.044519413,0.09888496,15.43450196,0,0,0.032445548,0.408664792
0,0.291199427,0.229941966,1.019965387,0,0.054753999,0,0,0,0.370669887,0.280866819,0.433727802,0,0,0.312714894,10.92220014,0,1.93603235,0,0,0,1.978413501,0,0,0.057033201,0.557990087,0,0,0.846762814,0,0,0,0,0,0,0,0.068905108,0.138299083,0,2.003151424,0,0,0,0,0.954203536,0,0,0,0,0,0,0,0.362475447,0,0,0,0,0,0,0,0,0,0,0,0,2.746232471,0.010469267,0,1.627242516,0,0.030237897,0.72491869,1.667674266,0.432909468,0.147949452,0,0,0.127801385,0,1.19698,0.093916481,0.269491038,0,5.302812797,0.897159205,0,2.843179309,0,0,0.014001242,0.152585622,1.548902322,0.258034804,1.518533722,0.011366798,0.910217171,0,0,0,5.196928204
0,0,0,6.190773692,0,0,0,0,0,0,0.086995896,0,0,0,0.828071367,0.075508093,0,0.15146056,0,0,0,0.132142623,0,0,0,5.787409041,0.013606861,0,0,0,0,0,0,0,0,0,1.57918229,0.508508093,0,9.772870014,0,0,0,0,0.486174158,0,0,0,0,0,0,0,1.778223928,0,0,0,0,0,0,0,0.006247981,0.359095666,1.175693009,0,0,1.856853792,2.462620695,0,0.925393919,1.733019,0.379860183,4.303638325,8.802769626,0.142692866,1.26696544,0,0,1.035312841,0.473210557,0.173437896,0,0.918418137,0,0.122151097,0,0,0.05290771,0.018364214,0.67933916,0.332336334,0,0,2.332543908,4.298313824,0.300587577,6.613712299,2.134019189,0,0,0
0,0,2.77747264,1.952781765,0,0,0,0,0,0,1.383887667,5.200374719,0,0,0.02083153,0,0,0.082937217,0,0,0,0.465230824,0,0,0,2.437156721,0.004126137,0,0,0.610791122,0,0,0,0,0,0,2.847003169,0.112744033,0,4.110797044,0,0,0,0,0,0,0,0,0,0,0,0,4.166930218,0,0,0,0,0,0,0,1.523817593,0.040125072,8.878137986,0.208235875,0.038832503,6.857012318,0.169083331,0,0.948147938,0,0.174314764,3.72E-19,4.823271909,3.290115506,2.323639018,0,0,0.14160855,0.096148269,0,0,6.964914896,0,1.609392491,1.790727669,0,0,0.33907859,0.588728164,0.094782127,0.086043367,0.932443818,2.532668058,0.306307585,0,0.003520748,0,0,0,0
